Perspective,Theme / Sub-Topic,Level 0: Non-Existent,Level 1: Basic / Descriptive,Level 2: Defined / Logical,Level 3: Applied / Behavioral,Level 4: Comprehensive / Automated
1. Business,Value Proposition,No resources.,"High-level list of challenges, opportunities, and expected benefits.",Logical mapping of how specific features address challenges and drive value.,"Worked examples, case studies, or behavioral narratives showing value realization.","Ready-to-use templates for capturing value, or automated dashboards tracking outcomes."
1. Business,Risk & Compliance,No resources.,"Basic identification of security risks, compliance needs, and legal liabilities.",Detailed risk assessment matrices and documented compliance mappings.,Scenario-based guides detailing how users should behave to mitigate specific risks.,"Automated compliance auditing tools, security posture checks, and full policy templates."
1. Business,Stakeholder Alignment,No resources.,Simple list of Personas by name or title.,"Detailed Persona profiles detailing specific needs, interests, and expected value.",Empathy maps and behavioral journey mappings from the perspective of each Persona.,Interactive stakeholder alignment templates or dynamic persona-specific onboarding materials.
1. Business,Financial Strategy,No resources.,Brief mention of cost savings or required investment.,Documented formulas and logical frameworks for calculating ROI and TCO.,Worked financial examples based on realistic customer scenarios or usage patterns.,"Interactive, automated ROI/TCO spreadsheet calculators or web tools."
2. Technology,Architecture,No resources.,High-level block diagrams or basic system descriptions.,"Detailed logical blueprints and abstract architectures (e.g., highly available DR).",Solution architectures contextualized for specific business challenges.,"Executable architectures (Diagrams-as-Code) and validated, production-ready design patterns."
2. Technology,Implementation,No resources.,Basic list of hardware requirements and system components.,"Step-by-step install/config guides, detailed sizing logic, and supported workloads.",Scenario-based setup guides with behavioral troubleshooting steps and user guides.,"Automated deployment scripts (e.g., Infrastructure as Code), automated scaling rules."
2. Technology,Integration,No resources.,Names of external systems and basic descriptions of their roles.,"API descriptions, swagger files, and logical integration patterns/dependencies.",Detailed integration how-tos and worked examples for specific integration use-cases.,"Reference code hosted on GitHub, Postman collections, and ready-to-use SDKs."
2. Technology,Deployment & Validation,No resources.,Brief mention of deployment goals or metrics.,Documented deployment processes and defined evaluation metrics/benchmarks.,"Interactive video demos, customization guides, and behavioral debugging scenarios.","Fully automated CI/CD pipelines, modular deployment artifacts, and built-in audit/testing tools."
2. Technology,Lifecycle,No resources.,Basic mention of migration needs.,Logical steps for migrating workloads from legacy to target systems.,Worked examples of successful migrations detailing common pitfalls to avoid.,Automated migration scripts and data transformation tools.
3. People,Roles & Skills,No resources.,Simple list of job titles and basic skills required.,"Detailed role templates, specific competency levels, and full RACI matrices.","Behavioral interview guides, ""day in the life"" scenario descriptions for key roles.",Ready-to-use job description templates and automated skills assessment tools.
3. People,Team Design,No resources.,Basic organogram sketch or headcount estimate.,"Defined team structures, business objectives, and service inputs/outputs.",Guidance on team interaction models and how teams should behave in specific scenarios.,Automated capacity planning calculators and team charter templates.
3. People,Org Change,No resources.,Acknowledgment that organizational change will be required.,Documented business rationale and logical strategies for building/adapting teams.,Playbooks addressing common behavioral pushback and navigating challenges.,"Complete change management toolkits, communication templates, and feedback surveys."
4. Process,Workflows,No resources.,High-level lists of operational process steps.,"Detailed workflow flowcharts (e.g., BPMN) and step-by-step technical guides.",Scenario-based walkthroughs and behavioral guides for complex operations.,"Automated runbooks and workflow execution templates (e.g., Jira/ServiceNow imports)."
4. Process,Value Realization,No resources.,Basic list of use-cases.,Logical mapping of use-cases to system features and personas.,Detailed user-journey scenarios explaining exactly how a persona extracts value.,"Automated usage tracking to validate value realization, or interactive guided software tours."
4. Process,Strategy,No resources.,Mission statements or basic guiding principles.,Documented transition/change plans and logical strategies for adoption and scaling.,Worked examples and playbooks for scaling use and growing value over time.,Strategic planning templates and automated adoption tracking dashboards.
4. Process,Industry Alignment,No resources.,"Buzzwords mentioned (e.g., DevOps, GitOps).",Detailed definitions and logical expectations of industry terms within your context.,Behavioral guides on how to shift cultural practices to align with industry standards.,Maturity assessment templates to measure compliance with industry standards.